id,gender,age,nationality,address,unnecessary2
100,FEMALE,36,IT,NAsKGAGfDgiCFvY,UpcvBgvXhPRjgoie
101,FEMALE,63,PL,wpgSG uvLMOPFHCoVUX,WPWSSxl urlaMhbDsnAwcao  Kzi
102,FEMALE,26,PL,RvobUViale,t XgDELOQyGoGJtenptAJFENLbOeEf hY RN fQMNeSD
103,FEMALE,80,DE,xaNJibDDOpPfjh,UvsBLbwWpnfsKzUEVObTvY qLdcqswDmQqoBnlGoizPtMUGpJi
104,MALE,44,PL,MEvnlN AvdwCG,ViJLRF RJOlTxONhNOvhpbUNdyptUPzqioZmwL
105,FEMALE,46,DE,jfMaUToKQpoap,COqgq dXdBlmNTzUuGvGtaD
106,OTHER,48,IT,ZCxPpLFIYPQGXQXijGn,pjYBEDDgXcEAsMjYPARRjuWeSkivbc Qqza
107,OTHER,22,PL,ivrZdgRmP KQIBZIdNB,XpumHnXvT coIydFSRhLrEx tdJlctSasfvY
108,MALE,69,BE,VfQtvsvYVBiKcdj,GhVLXGvXWaeXouVlQWGHRO
109,OTHER,53,DE,KSuTyJgXYMGdicfjms,hRXPhpisqoBnouqVRqUPgirjNfiHMCJxOOdlWLlFuNMkAjVwe
110,OTHER,25,PL,GregVsYHsIffIdfgR,VqWRQlzxtqRBKsdkuufGHCrxmuOBJVHgZPWHAZjtxJBsaD
111,OTHER,26,IT,xkCkvOSbq CpBsPvl,VgyRqIFZKpt TLfYqgaXwibzb QQOKnNKJ
112,FEMALE,30,DE,LdIHAgQMPl aEFXLC,E t dxrqPEXaounhNPrhAjzgPwGDNTw
113,MALE,59,DE,CCQVx pULPXqmufzxE,CU nUHGibxrIYut jhaWsiGZrUscdM uDcDHplRvQcSz
114,FEMALE,66,PL,iE TTSDxEu,qalEQRIsthYWtNrsPAcdSWEJMBBV
115,OTHER,54,BE,uRBlFwhTvmwcg,plaKHZP
116,MALE,53,NL,VNdzeARoRQjZOVyhq,kxlGqeIRuXezuyytzlrkQdTjoVmZcNYDIvMp
117,OTHER,62,DE,vBobEDcGkozHotXING,CIdiU
118,MALE,30,DE,CeOhnnSKXazSgpbo,roWXfyueLyoOMDHkwbRJp
119,FEMALE,53,PL,ceyJfycWEEkfiObGkNMu,adKSQrPRAqtoOOEIBrJwbVyhKCbiSdAMJQgyG
120,MALE,24,DE,gAkhLXpBEbJXOh,GpzoOZzxLGSgBoPnvuIYeZKyKAJibUuBi
121,OTHER,45,DE,ywaaJbyDiXI,kMCQDGXf VoyV
122,MALE,45,PL,AdLGbGMSTcx,dWPJtkzbsLd huTpE
123,MALE,38,IT,DJmXoRIJxbsIQVn,MFufXYCCnHHaGKKOIQqJgp
124,MALE,33,BE,nKvIjcrChGwPL,twq gXhQ vpXjaZbkXZELYaDAaTpff Xfu p
125,OTHER,34,DE,rELOLoUijraqKrN,eYgfhcZzudVFKcRjqTmpHmytbXhoAkS pwALIDUwNkQUB
126,FEMALE,56,IT,BtCPTYQUsANlP,rWQFtrLytRyKjpvMbIhfjkOERFfdJfJACxxcqtZzbW
127,OTHER,33,IT,e xeVlcOBvwnjToPx,eV hxUjeiMiSJiSQRRr
128,FEMALE,56,PL,yVrCiyjNrz,ZgfrddMfqGLCWFKBprWeAguPUebHKLVrGUBZgjLfwOVJNw
129,MALE,58,BE,JtZxwwbdetpF,tZyZwhDXJmSGuIkF diKwtYgDqj
130,FEMALE,42,DE,pQuHhwyNytpEeYK,VtpsvRJrrphBoOCHnmYEELAxqLPJnBvkvDcXYuRN
131,OTHER,79,PL,kJywoTRpBLpdQyqIywY,dbHnbGsFqE
132,MALE,46,DE,XMqYqeZFGEjOQJug,CZzjQRzHZqDvustBnBpyjRIqciiMgJEiEmxBzKod
133,OTHER,30,IT,SnQrIvJESGbBi,YgnKZUyVOL XveQRbqcvivjBmbrtJUXg
134,OTHER,32,PL,PAVMiqGZCpbo,h iKmlaa
135,MALE,43,PL,RgfXPrttepE yu Nsfe,jUynZhHFNAnAhzvNxwSIpdhlvQeUPqIzu
136,FEMALE,20,IT,WeWICEmeMbVQOlvtIb,"KuVsKWhWfLqWRQguR AJHmmznVsqYhtnbH GrwFnRHj "
137,OTHER,60,PL,HQfXjbFr qPiKa,Oaf uUWbyCOnKAqR
138,FEMALE,37,PL,fhsDCmnLR pKquzuPb,HhOrKVzRwcNQHrk vYJRZKSiWJsMPCtaiZCdw
139,MALE,46,NL,A FbHKOcDaIOU,DUKXfgpOaaUEFmeixTCsAARiJhvwUKmFKQaoUHZGK
140,FEMALE,60,IT,znrTQXhcJDntF,EAjSTZogpMbpwpnNMd QuhLIReRpuFwdgZYemLbGtxTp
141,FEMALE,21,BE,vfbvGvQDGoobUt,EbnqjRvBw QBBZINk
142,FEMALE,21,DE,stAFSENjgOkxmzqSUnt,iRVJKB
143,FEMALE,41,NL,tAUHp CZQmGXJ,hCEU ooXYNCarkiFoMgi
144,FEMALE,58,PL,EruwExVodROKl,XRLOpvkpWqgFDFXcZNvsfsYTzflgknRCpwithHdZIkJm
145,MALE,45,BE,zZGXdSpnknl,dxIsikMXvohZJjvPfEK
146,MALE,21,PL,mD FPWzVYQky,jlMBpgFDVmSrQBkQTsUVNUdEJEAHScqoiE
147,MALE,41,NL,ArYjKcCv  ufsmk,IUbo tGLwiqUYlmDDbL pXCndkABIJmyDtFJQqoYmv
148,MALE,55,IT,icEiLfpQXTwMqYDTp,KQczDLjaeza  jtNkKND
149,MALE,77,NL,IOBfcyLZPJqc,lQhSmKnbRILLYvEnACU MFDfcrAowsS MflQPolWkgr
150,MALE,48,IT,fsTQJEigVpJyXbkGFnL,KzqxvyXTOQ
151,FEMALE,77,IT,ajqfWBXPnq,lBPXOLRzDXfgCWQBLkdqZlwkEdoJUjoTIv
152,FEMALE,73,NL,oepYXeQxdXSDAOhowyPr,HxFqtWUbKBsZeGjsZHhAMLnDxoHHKbTty vq
153,FEMALE,24,PL,yPkNNyjwAorIIH,DMoFZucONMSzOBGzYYhntFgNDAiSWRfbIqji LfZ
154,FEMALE,20,NL,tjNDULjabxens,JcryuZuZlQdSvq
155,MALE,43,DE,qatYpNwmcYfbD,HUJylSHelWTipnsZCnUntnjoK
156,FEMALE,78,PL,jaRFFIdCrxdGH,RyPLUFYnChHVbRIyUAOhzOlMhwlRztjxrOOoZMjTukCmejTWWl
157,FEMALE,50,PL,IpBynQKAcA,mv lAw GFXPDVmQKrLlubXo
158,OTHER,22,DE,beBv vIoMEwILDes,yLrlgmXNJiwDwSpBAadMJMavMXvtMI
159,OTHER,68,PL,dUkHWWQAqxBfhmhY,vHnRahQDVji
160,OTHER,68,DE,CaXUXfbKiVeqyfmMDy,PFFHwaSUFigsrmATXOHwdzAyhgNziXiWor
161,FEMALE,74,DE,KpZmAYFmVpjdmJpg,dCjYQGNSlxaRWcFpm qqu
162,FEMALE,36,IT,NFLLCckkPfpyZfFylDo,NyPhzyVhJhXPPOKkOsevEtuJRIVyLpqHFzZ aIKHzxdTGG
163,FEMALE,56,BE,lBJRKLKyZuEAB,VJgGGHPzgQsexZkvcowSRt
164,MALE,24,IT,OVaYKnvBLWcyaBDwEJ,RLD rVIikAFgsEppgxsKtbELuiewqpaYvNhwvMICjZcZehOg
165,OTHER,72,BE,XcnaxvFXPRDXydgo,tsT IFfTBTlhdGuXudQVSyAHkmpB NIySXDjhaCSM
166,OTHER,39,PL,MEmJdRdbetEPKSQvTpVS,KPrFpRBiwElU
167,MALE,35,IT,SZLfJUYcHtZEyRm,GRIKpGUuHMkbMOStHJO gTJGZWHXBgO
168,OTHER,47,NL," XUbHybxOtZlSGJjd",vNoKOxaQ L
169,MALE,71,BE,qDjUMZMdLoaZbV,htSpSRiiozLtyJJSdaBJjFUdlsPlpFHpkpYiGmadUdqd
170,FEMALE,79,DE,VSaxEGtyEbnIkNpU,gTNeeh AIxcE nNFAlbbHADe oGuIvDPXkzCnGnvPHH
171,FEMALE,28,BE,OlwrJLLejDE,d D XORkowFuugBwbPHPGNJSngAJ
172,OTHER,67,PL,wrknrZRPSCduNVeFh,CFvyqRJmXwzVpgwReWFhIQhFYrahbXmuWbr
173,OTHER,74,IT,vmORPaOMTXYNGvJy,ToHHNOGIhZSZcoQPnENGccKeHbi
174,OTHER,60,PL,NRdGnuOSUjJi,dDHtGvNOAVbNigZGtICYngS
175,OTHER,43,DE,ORCeIQFuZPnPcCCfEOf,SoreUFqsUp
176,MALE,69,PL," RZMRxTjLRbvZ",FQlCNAQ
177,MALE,39,IT,qZQaSBCVvM,LLFpnMorSykTlGUSqieDPs LVzrGyYhRpLMapovFntqgMMmKZ
178,MALE,29,PL,WaXApYjnopM CaCROE,JKagG
179,MALE,32,PL,AlRiiUjXLAQRDVz,xrDqNMuwnXZilr
180,MALE,70,IT,hyDeVPxGbnMbvzZcN,NEXeYSMztLlDVAtoVRhggKEAIGXJOG
181,MALE,34,BE,ByqSRngVpwg,LaCCHyMPotpJCPbjRtpwwwsdUInpVKAwYDQsHCeaoyn
182,OTHER,38,PL,GYzVmdJVtH PVKcKX,RaJcXpLdCQDOhzJJLVnazrLZNlhOnYNCkdlmZvrynBxisF
183,MALE,35,BE,peqjViuCdcyJikktMZFH,ScrkWsXOxtcNGXli kGgeZWsldyySlFzVRG
184,OTHER,40,BE,kpadVEQHutHiWPY,GWoODnhxTuoMfVVAlsuhOuemhXGJaPFdlLymWY
185,FEMALE,52,DE,vBxqnyFjrDCwOD,Etpbkgyvnh
186,OTHER,34,DE,zjqwVlhluqy IQjnDJC,CeWohZJYpWdwbmJAwLojlKtXWqhpOE rwRrnr
187,OTHER,77,BE,dRWdbTeXcyMi,XQnVgemkcSjgOm
188,OTHER,76,BE,EahTSDPbcnNYZQzfcNd,IbcQUgkxpuUuUpryhLHJMwYlIGlFCUwVIHIXoMcHEweyCdWkp
189,OTHER,25,BE,SbDIaG kwRBqc,lvKuJpAjRbjZsrHqJEmOoxt frnwDXAuzpXuXEr
190,MALE,26,IT,MQDjyuGIKvnm,MMZjK
191,OTHER,25,NL,CtdijGkhOyefD,LDKnBPRcD DTYHHXCCJMOmQf
192,FEMALE,75,DE,YipLtMtz wL,lQxOTMKwppDqYPoUNoyLrexqqOJAnzJj
193,OTHER,66,DE,PEplZqgUlI,ZXMbqHkkVUQ
194,MALE,74,DE,KmgCsyFaIyC,slgCYPBEo
195,MALE,26,IT,XDWSBxvaFZ vypzx,jtKgDKKBCCWPzatLPjpwPKWOpiTWZi H
196,FEMALE,63,BE,oLDQEMgmISAhh,IlFsZTbcLiBYGqQaujGBMNtSqCNZb
197,OTHER,23,DE,XhWBKJcyJVqNvnrQ,YwFGmIVXchtPqOBTJQs nCGKIpVAGYka
198,FEMALE,46,DE,YhDGyWvIZu,WHDASTfNBAElLOGdHTmkyRtjjBm
199,MALE,76,IT,hpqJMRSlsZzg,UaLSzsioRYDSBkODFyXJqzxvLTOFopKwSgWxWltwtFvZbec